INSERT INTO main.crm_user (id, login, user_password, first_name, last_name, email, is_active, deleted) VALUES (1, 'ivanov', 'password', 'Иван', 'Иванов', 'ivanov@innopolis.ru', true, false);
INSERT INTO main.crm_user (id, login, user_password, first_name, last_name, email, is_active, deleted) VALUES (2, 'petrov', 'password', 'Петр', 'Петров', 'petrov@innopolis.ru', true, false);
INSERT INTO main.crm_user (id, login, user_password, first_name, last_name, email, is_active, deleted) VALUES (3, 'Login0', 'Password0', 'Firstname0', 'Lastname0', 'Email0', true, false);
INSERT INTO main.crm_user (id, login, user_password, first_name, last_name, email, is_active, deleted) VALUES (4, 'Login1', 'Password1', 'Firstname1', 'Lastname1', 'Email1', true, false);
INSERT INTO main.crm_user (id, login, user_password, first_name, last_name, email, is_active, deleted) VALUES (5, 'Login2', 'Password2', 'Firstname2', 'Lastname2', 'Email2', true, false);
INSERT INTO main.crm_user (id, login, user_password, first_name, last_name, email, is_active, deleted) VALUES (6, 'Login3', 'Password3', 'Firstname3', 'Lastname3', 'Email3', true, false);
INSERT INTO main.crm_user (id, login, user_password, first_name, last_name, email, is_active, deleted) VALUES (7, 'Login4', 'Password4', 'Firstname4', 'Lastname4', 'Email4', true, false);
INSERT INTO main.crm_user (id, login, user_password, first_name, last_name, email, is_active, deleted) VALUES (8, 'Login5', 'Password5', 'Firstname5', 'Lastname5', 'Email5', true, false);
INSERT INTO main.crm_user (id, login, user_password, first_name, last_name, email, is_active, deleted) VALUES (9, 'Login6', 'Password6', 'Firstname6', 'Lastname6', 'Email6', true, false);
INSERT INTO main.crm_user (id, login, user_password, first_name, last_name, email, is_active, deleted) VALUES (10, 'Login7', 'Password7', 'Firstname7', 'Lastname7', 'Email7', true, false);
INSERT INTO main.crm_user (id, login, user_password, first_name, last_name, email, is_active, deleted) VALUES (11, 'Login8', 'Password8', 'Firstname8', 'Lastname8', 'Email8', true, false);
INSERT INTO main.crm_user (id, login, user_password, first_name, last_name, email, is_active, deleted) VALUES (12, 'Login9', 'Password9', 'Firstname9', 'Lastname9', 'Email9', true, false);
INSERT INTO main.crm_user (id, login, user_password, first_name, last_name, email, is_active, deleted) VALUES (13, 'Login10', 'Password10', 'Firstname10', 'Lastname10', 'Email10', true, false);
INSERT INTO main.crm_user (id, login, user_password, first_name, last_name, email, is_active, deleted) VALUES (14, 'Login11', 'Password11', 'Firstname11', 'Lastname11', 'Email11', true, false);
INSERT INTO main.crm_user (id, login, user_password, first_name, last_name, email, is_active, deleted) VALUES (15, 'Login12', 'Password12', 'Firstname12', 'Lastname12', 'Email12', true, false);
INSERT INTO main.crm_user (id, login, user_password, first_name, last_name, email, is_active, deleted) VALUES (16, 'Login13', 'Password13', 'Firstname13', 'Lastname13', 'Email13', true, false);
INSERT INTO main.crm_user (id, login, user_password, first_name, last_name, email, is_active, deleted) VALUES (17, 'Login14', 'Password14', 'Firstname14', 'Lastname14', 'Email14', true, false);
INSERT INTO main.crm_user (id, login, user_password, first_name, last_name, email, is_active, deleted) VALUES (18, 'Login15', 'Password15', 'Firstname15', 'Lastname15', 'Email15', true, false);
INSERT INTO main.crm_user (id, login, user_password, first_name, last_name, email, is_active, deleted) VALUES (19, 'Login16', 'Password16', 'Firstname16', 'Lastname16', 'Email16', true, false);
INSERT INTO main.crm_user (id, login, user_password, first_name, last_name, email, is_active, deleted) VALUES (20, 'Login17', 'Password17', 'Firstname17', 'Lastname17', 'Email17', true, false);
INSERT INTO main.crm_user (id, login, user_password, first_name, last_name, email, is_active, deleted) VALUES (21, 'Login18', 'Password18', 'Firstname18', 'Lastname18', 'Email18', true, false);
INSERT INTO main.crm_user (id, login, user_password, first_name, last_name, email, is_active, deleted) VALUES (22, 'Login19', 'Password19', 'Firstname19', 'Lastname19', 'Email19', true, false);

INSERT INTO main.study_group (id, name, description, course_type, deleted) VALUES (1, 'Name0', 'Description0', null, false);
INSERT INTO main.study_group (id, name, description, course_type, deleted) VALUES (2, 'Name1', 'Description1', null, false);
INSERT INTO main.study_group (id, name, description, course_type, deleted) VALUES (3, 'Name2', 'Description2', null, false);
INSERT INTO main.study_group (id, name, description, course_type, deleted) VALUES (4, 'Name3', 'Description3', null, false);
INSERT INTO main.study_group (id, name, description, course_type, deleted) VALUES (5, 'Name4', 'Description4', null, false);
INSERT INTO main.study_group (id, name, description, course_type, deleted) VALUES (6, 'Name5', 'Description5', null, false);
INSERT INTO main.study_group (id, name, description, course_type, deleted) VALUES (7, 'Name6', 'Description6', null, false);
INSERT INTO main.study_group (id, name, description, course_type, deleted) VALUES (8, 'Name7', 'Description7', null, false);
INSERT INTO main.study_group (id, name, description, course_type, deleted) VALUES (9, 'Name8', 'Description8', null, false);
INSERT INTO main.study_group (id, name, description, course_type, deleted) VALUES (10, 'Name9', 'Description9', null, false);
INSERT INTO main.study_group (id, name, description, course_type, deleted) VALUES (11, 'Name10', 'Description10', null, false);
INSERT INTO main.study_group (id, name, description, course_type, deleted) VALUES (12, 'Name11', 'Description11', null, false);
INSERT INTO main.study_group (id, name, description, course_type, deleted) VALUES (13, 'Name12', 'Description12', null, false);
INSERT INTO main.study_group (id, name, description, course_type, deleted) VALUES (14, 'Name13', 'Description13', null, false);
INSERT INTO main.study_group (id, name, description, course_type, deleted) VALUES (15, 'Name14', 'Description14', null, false);
INSERT INTO main.study_group (id, name, description, course_type, deleted) VALUES (16, 'Name15', 'Description15', null, false);
INSERT INTO main.study_group (id, name, description, course_type, deleted) VALUES (17, 'Name16', 'Description16', null, false);
INSERT INTO main.study_group (id, name, description, course_type, deleted) VALUES (18, 'Name17', 'Description17', null, false);
INSERT INTO main.study_group (id, name, description, course_type, deleted) VALUES (19, 'Name18', 'Description18', null, false);
INSERT INTO main.study_group (id, name, description, course_type, deleted) VALUES (20, 'Name19', 'Description19', null, false);

INSERT INTO main.student (id, deleted, crm_user_id) VALUES (1, false, 3);
INSERT INTO main.student (id, deleted, crm_user_id) VALUES (2, false, 4);
INSERT INTO main.student (id, deleted, crm_user_id) VALUES (3, false, 5);
INSERT INTO main.student (id, deleted, crm_user_id) VALUES (4, false, 6);
INSERT INTO main.student (id, deleted, crm_user_id) VALUES (5, false, 7);
INSERT INTO main.student (id, deleted, crm_user_id) VALUES (6, false, 8);
INSERT INTO main.student (id, deleted, crm_user_id) VALUES (7, false, 9);
INSERT INTO main.student (id, deleted, crm_user_id) VALUES (8, false, 10);
INSERT INTO main.student (id, deleted, crm_user_id) VALUES (9, false, 11);
INSERT INTO main.student (id, deleted, crm_user_id) VALUES (10, false, 12);
INSERT INTO main.student (id, deleted, crm_user_id) VALUES (11, false, 13);
INSERT INTO main.student (id, deleted, crm_user_id) VALUES (12, false, 14);
INSERT INTO main.student (id, deleted, crm_user_id) VALUES (13, false, 15);
INSERT INTO main.student (id, deleted, crm_user_id) VALUES (14, false, 16);
INSERT INTO main.student (id, deleted, crm_user_id) VALUES (15, false, 17);
INSERT INTO main.student (id, deleted, crm_user_id) VALUES (16, false, 18);
INSERT INTO main.student (id, deleted, crm_user_id) VALUES (17, false, 19);
INSERT INTO main.student (id, deleted, crm_user_id) VALUES (18, false, 20);
INSERT INTO main.student (id, deleted, crm_user_id) VALUES (19, false, 21);
INSERT INTO main.student (id, deleted, crm_user_id) VALUES (20, false, 22);

INSERT INTO main.student_to_group (id, studentId, study_group_id) VALUES (1, 2, 2);
INSERT INTO main.student_to_group (id, studentId, study_group_id) VALUES (2, 3, 2);
INSERT INTO main.student_to_group (id, studentId, study_group_id) VALUES (3, 4, 2);
INSERT INTO main.student_to_group (id, studentId, study_group_id) VALUES (4, 5, 2);
INSERT INTO main.student_to_group (id, studentId, study_group_id) VALUES (5, 6, 2);
INSERT INTO main.student_to_group (id, studentId, study_group_id) VALUES (6, 7, 2);
INSERT INTO main.student_to_group (id, studentId, study_group_id) VALUES (7, 8, 2);
INSERT INTO main.student_to_group (id, studentId, study_group_id) VALUES (8, 9, 2);
INSERT INTO main.student_to_group (id, studentId, study_group_id) VALUES (9, 10, 2);
INSERT INTO main.student_to_group (id, studentId, study_group_id) VALUES (10, 11, 2);
INSERT INTO main.student_to_group (id, studentId, study_group_id) VALUES (11, 12, 2);
INSERT INTO main.student_to_group (id, studentId, study_group_id) VALUES (12, 13, 2);
INSERT INTO main.student_to_group (id, studentId, study_group_id) VALUES (13, 14, 2);
INSERT INTO main.student_to_group (id, studentId, study_group_id) VALUES (14, 15, 2);
INSERT INTO main.student_to_group (id, studentId, study_group_id) VALUES (15, 16, 2);
INSERT INTO main.student_to_group (id, studentId, study_group_id) VALUES (16, 17, 2);
INSERT INTO main.student_to_group (id, studentId, study_group_id) VALUES (17, 18, 2);
INSERT INTO main.student_to_group (id, studentId, study_group_id) VALUES (18, 19, 2);
INSERT INTO main.student_to_group (id, studentId, study_group_id) VALUES (19, 20, 2);

INSERT INTO lesson.lesson (id, study_group_id, lesson_date, room, topic, description, lesson_comment, token, token_expiration, deleted) VALUES (1, 1, '2017-04-22 01:54:43.919000', '0', 'Topic0', 'Description0', 'LessonComment0', 'Token0', '2017-04-22 01:54:43.919000', false);
INSERT INTO lesson.lesson (id, study_group_id, lesson_date, room, topic, description, lesson_comment, token, token_expiration, deleted) VALUES (5, 5, '2017-04-22 01:54:44.356000', '4', 'Topic4', 'Description4', 'LessonComment4', 'Token4', '2017-04-22 01:54:44.356000', false);
INSERT INTO lesson.lesson (id, study_group_id, lesson_date, room, topic, description, lesson_comment, token, token_expiration, deleted) VALUES (6, 6, '2017-04-22 01:54:44.433000', '5', 'Topic5', 'Description5', 'LessonComment5', 'Token5', '2017-04-22 01:54:44.433000', false);
INSERT INTO lesson.lesson (id, study_group_id, lesson_date, room, topic, description, lesson_comment, token, token_expiration, deleted) VALUES (7, 7, '2017-04-22 01:54:44.483000', '6', 'Topic6', 'Description6', 'LessonComment6', 'Token6', '2017-04-22 01:54:44.483000', false);
INSERT INTO lesson.lesson (id, study_group_id, lesson_date, room, topic, description, lesson_comment, token, token_expiration, deleted) VALUES (8, 8, '2017-04-22 01:54:44.528000', '7', 'Topic7', 'Description7', 'LessonComment7', 'Token7', '2017-04-22 01:54:44.528000', false);
INSERT INTO lesson.lesson (id, study_group_id, lesson_date, room, topic, description, lesson_comment, token, token_expiration, deleted) VALUES (9, 9, '2017-04-22 01:54:44.543000', '8', 'Topic8', 'Description8', 'LessonComment8', 'Token8', '2017-04-22 01:54:44.543000', false);
INSERT INTO lesson.lesson (id, study_group_id, lesson_date, room, topic, description, lesson_comment, token, token_expiration, deleted) VALUES (10, 10, '2017-04-22 01:54:44.563000', '9', 'Topic9', 'Description9', 'LessonComment9', 'Token9', '2017-04-22 01:54:44.563000', false);
INSERT INTO lesson.lesson (id, study_group_id, lesson_date, room, topic, description, lesson_comment, token, token_expiration, deleted) VALUES (11, 11, '2017-04-22 01:54:44.608000', '10', 'Topic10', 'Description10', 'LessonComment10', 'Token10', '2017-04-22 01:54:44.608000', false);
INSERT INTO lesson.lesson (id, study_group_id, lesson_date, room, topic, description, lesson_comment, token, token_expiration, deleted) VALUES (12, 12, '2017-04-22 01:54:44.645000', '11', 'Topic11', 'Description11', 'LessonComment11', 'Token11', '2017-04-22 01:54:44.645000', false);
INSERT INTO lesson.lesson (id, study_group_id, lesson_date, room, topic, description, lesson_comment, token, token_expiration, deleted) VALUES (13, 13, '2017-04-22 01:54:44.677000', '12', 'Topic12', 'Description12', 'LessonComment12', 'Token12', '2017-04-22 01:54:44.677000', false);
INSERT INTO lesson.lesson (id, study_group_id, lesson_date, room, topic, description, lesson_comment, token, token_expiration, deleted) VALUES (14, 14, '2017-04-22 01:54:44.717000', '13', 'Topic13', 'Description13', 'LessonComment13', 'Token13', '2017-04-22 01:54:44.717000', false);
INSERT INTO lesson.lesson (id, study_group_id, lesson_date, room, topic, description, lesson_comment, token, token_expiration, deleted) VALUES (15, 15, '2017-04-22 01:54:44.745000', '14', 'Topic14', 'Description14', 'LessonComment14', 'Token14', '2017-04-22 01:54:44.745000', false);
INSERT INTO lesson.lesson (id, study_group_id, lesson_date, room, topic, description, lesson_comment, token, token_expiration, deleted) VALUES (16, 16, '2017-04-22 01:54:44.778000', '15', 'Topic15', 'Description15', 'LessonComment15', 'Token15', '2017-04-22 01:54:44.778000', false);
INSERT INTO lesson.lesson (id, study_group_id, lesson_date, room, topic, description, lesson_comment, token, token_expiration, deleted) VALUES (17, 17, '2017-04-22 01:54:44.802000', '16', 'Topic16', 'Description16', 'LessonComment16', 'Token16', '2017-04-22 01:54:44.802000', false);
INSERT INTO lesson.lesson (id, study_group_id, lesson_date, room, topic, description, lesson_comment, token, token_expiration, deleted) VALUES (18, 18, '2017-04-22 01:54:44.833000', '17', 'Topic17', 'Description17', 'LessonComment17', 'Token17', '2017-04-22 01:54:44.833000', false);
INSERT INTO lesson.lesson (id, study_group_id, lesson_date, room, topic, description, lesson_comment, token, token_expiration, deleted) VALUES (19, 19, '2017-04-22 01:54:44.858000', '18', 'Topic18', 'Description18', 'LessonComment18', 'Token18', '2017-04-22 01:54:44.858000', false);
INSERT INTO lesson.lesson (id, study_group_id, lesson_date, room, topic, description, lesson_comment, token, token_expiration, deleted) VALUES (20, 20, '2017-04-22 01:54:44.891000', '19', 'Topic19', 'Description19', 'LessonComment19', 'Token19', '2017-04-22 01:54:44.891000', false);
INSERT INTO lesson.lesson (id, study_group_id, lesson_date, room, topic, description, lesson_comment, token, token_expiration, deleted) VALUES (2, 2, '2017-04-22 01:54:44.191000', '1', 'Topic1', 'Это свойство платформы (например, операционной системы, виртуальной машины и т. д.) или приложения, состоящее в том, что процесс, порождённый в операционной системе, может состоять из нескольких потоков, выполняющихся «параллельно», то есть без предписанного порядка во времени. При выполнении некоторых задач такое разделение может достичь более эффективного использования ресурсов вычислительной машины.', 'Тест комментария', 'LI41U', '2017-04-24 15:09:50.754000', false);
INSERT INTO lesson.lesson (id, study_group_id, lesson_date, room, topic, description, lesson_comment, token, token_expiration, deleted) VALUES (3, 3, '2017-04-22 01:54:44.225000', '2', 'Topic2', 'Description2', 'LessonComment2', 'Ktvn5', '2017-04-24 02:50:21.188000', false);
INSERT INTO lesson.lesson (id, study_group_id, lesson_date, room, topic, description, lesson_comment, token, token_expiration, deleted) VALUES (4, 4, '2017-04-22 01:54:44.286000', '3', 'Topic3', 'Description3', 'LessonComment3', 'mJ83J', '2017-04-24 03:09:58.117000', false);

INSERT INTO lesson.journal (id, lesson_id, studentId, time_check, deleted) VALUES (1, 1, 1, '2017-04-22 01:54:44.058000', false);
INSERT INTO lesson.journal (id, lesson_id, studentId, time_check, deleted) VALUES (3, 3, 3, '2017-04-22 01:54:44.238000', false);
INSERT INTO lesson.journal (id, lesson_id, studentId, time_check, deleted) VALUES (5, 5, 5, '2017-04-22 01:54:44.377000', false);
INSERT INTO lesson.journal (id, lesson_id, studentId, time_check, deleted) VALUES (6, 6, 6, '2017-04-22 01:54:44.439000', false);
INSERT INTO lesson.journal (id, lesson_id, studentId, time_check, deleted) VALUES (8, 8, 8, '2017-04-22 01:54:44.531000', false);
INSERT INTO lesson.journal (id, lesson_id, studentId, time_check, deleted) VALUES (9, 9, 9, '2017-04-22 01:54:44.547000', false);
INSERT INTO lesson.journal (id, lesson_id, studentId, time_check, deleted) VALUES (10, 10, 10, '2017-04-22 01:54:44.568000', false);
INSERT INTO lesson.journal (id, lesson_id, studentId, time_check, deleted) VALUES (11, 11, 11, '2017-04-22 01:54:44.612000', false);
INSERT INTO lesson.journal (id, lesson_id, studentId, time_check, deleted) VALUES (12, 12, 12, '2017-04-22 01:54:44.648000', false);
INSERT INTO lesson.journal (id, lesson_id, studentId, time_check, deleted) VALUES (13, 13, 13, '2017-04-22 01:54:44.681000', false);
INSERT INTO lesson.journal (id, lesson_id, studentId, time_check, deleted) VALUES (14, 14, 14, '2017-04-22 01:54:44.720000', false);
INSERT INTO lesson.journal (id, lesson_id, studentId, time_check, deleted) VALUES (15, 15, 15, '2017-04-22 01:54:44.748000', false);
INSERT INTO lesson.journal (id, lesson_id, studentId, time_check, deleted) VALUES (16, 16, 16, '2017-04-22 01:54:44.782000', false);
INSERT INTO lesson.journal (id, lesson_id, studentId, time_check, deleted) VALUES (17, 17, 17, '2017-04-22 01:54:44.811000', false);
INSERT INTO lesson.journal (id, lesson_id, studentId, time_check, deleted) VALUES (18, 18, 18, '2017-04-22 01:54:44.836000', false);
INSERT INTO lesson.journal (id, lesson_id, studentId, time_check, deleted) VALUES (19, 19, 19, '2017-04-22 01:54:44.868000', false);
INSERT INTO lesson.journal (id, lesson_id, studentId, time_check, deleted) VALUES (20, 20, 20, '2017-04-22 01:54:44.900000', false);
INSERT INTO lesson.journal (id, lesson_id, studentId, time_check, deleted) VALUES (4, 2, 4, '2017-04-22 01:54:44.339000', false);
INSERT INTO lesson.journal (id, lesson_id, studentId, time_check, deleted) VALUES (7, 2, 7, '2017-04-22 01:54:44.487000', false);
INSERT INTO lesson.journal (id, lesson_id, studentId, time_check, deleted) VALUES (2, 2, 2, '2017-04-24 14:33:05.753000', false);
INSERT INTO lesson.journal (id, lesson_id, studentId, time_check, deleted) VALUES (21, 2, 10, '2017-04-24 14:34:19.395000', false);
INSERT INTO lesson.journal (id, lesson_id, studentId, time_check, deleted) VALUES (22, 2, 18, '2017-04-24 14:41:58.035000', false);
INSERT INTO lesson.journal (id, lesson_id, studentId, time_check, deleted) VALUES (23, 2, 16, '2017-04-24 14:44:59.499000', false);
INSERT INTO lesson.journal (id, lesson_id, studentId, time_check, deleted) VALUES (24, 2, 5, '2017-04-24 15:07:28.737000', false);